Price,Age,KM,FuelType,HP,MetColor,Automatic,CC,Doors,Weight
12950,23.0,71138,Diesel,110,1.0,0,1900,3,1105
16750,24.0,25563,Petrol,110,0.0,0,1600,3,1065
16950,30.0,64359,Petrol,110,1.0,0,1600,3,1105
15950,30.0,67660,Petrol,110,1.0,0,1600,3,1105
15950,28.0,56349,Petrol,110,1.0,0,1600,3,1120
16950,28.0,32220,Petrol,110,1.0,0,1600,3,1120
16250,29.0,25813,Petrol,110,1.0,0,1600,3,1120
15950,25.0,28450,Petrol,110,1.0,0,1600,3,1120
15750,29.0,41415,Petrol,110,1.0,0,1600,3,1120
16950,28.0,44142,Petrol,110,0.0,0,1600,3,1120
12950,29.0,9750,Petrol,97,1.0,0,1400,3,1100
15750,22.0,35199,Petrol,97,1.0,0,1400,3,1100
15950,27.0,29510,Petrol,97,1.0,0,1400,3,1100
14950,55.67215568862275,32692,Petrol,97,1.0,0,1400,3,1100
15500,22.0,41000,Petrol,97,1.0,0,1400,3,1100
15750,26.0,43000,Petrol,97,0.0,0,1400,3,1100
15950,25.0,25000,Petrol,97,0.0,0,1400,3,1100
14950,23.0,10000,Petrol,97,1.0,0,1400,3,1100
15750,32.0,25329,Petrol,97,1.0,0,1400,3,1100
14750,27.0,27500,Petrol,97,0.0,0,1400,3,1100
13950,22.0,49059,Petrol,97,0.0,0,1400,3,1100
16750,27.0,44068,Petrol,97,1.0,0,1400,3,1100
13950,22.0,46961,Petrol,97,0.0,0,1400,3,1100
15800,22.0,75048,Petrol,97,1.0,0,1400,5,1110
15750,30.0,57086,Petrol,97,1.0,0,1400,5,1110
13250,55.67215568862275,45725,Petrol,110,1.0,0,1600,5,1075
15250,28.0,43210,Petrol,97,0.0,0,1400,5,1110
15250,26.0,43000,Petrol,97,0.0,0,1400,5,1110
15999,30.0,38950,Petrol,110,1.0,0,1600,5,1130
14950,22.0,37400,Petrol,97,1.0,0,1400,5,1110
16500,27.0,37177,Petrol,110,1.0,0,1600,5,1130
16950,26.0,32181,Petrol,110,1.0,0,1600,5,1075
14950,22.0,30400,Petrol,97,1.0,0,1400,5,1110
15950,25.0,29719,Petrol,97,1.0,0,1400,5,1110
15950,28.0,29206,Petrol,97,1.0,0,1400,5,1110
12995,32.0,29198,Petrol,97,1.0,0,1400,5,1060
15750,23.0,28227,Petrol,97,1.0,0,1400,5,1110
16950,23.0,28000,Petrol,110,1.0,0,1600,5,1115
16895,29.0,22575,Petrol,110,1.0,0,1600,5,1115
14900,30.0,22000,Petrol,97,1.0,0,1400,5,1110
15450,25.0,17003,Petrol,97,1.0,0,1400,5,1110
16650,25.0,15414,Petrol,97,1.0,0,1400,5,1110
14900,30.0,7000,Petrol,97,1.0,0,1400,5,1100
16450,20.0,48110,Petrol,97,1.0,0,1400,3,1100
15950,20.0,33329,Petrol,97,1.0,0,1400,3,1100
16950,55.67215568862275,13748,Petrol,97,1.0,0,1400,3,1100
15950,20.0,36000,Petrol,110,1.0,0,1600,5,1075
16500,20.0,35000,Petrol,97,1.0,0,1400,5,1110
16250,20.0,32627,Petrol,97,1.0,0,1400,5,1110
15950,20.0,1,Petrol,97,1.0,0,1400,5,1110
16500,20.0,29000,Petrol,97,0.0,0,1400,5,1110
16450,20.0,22588,Petrol,97,1.0,0,1400,5,1110
17200,20.0,17300,Petrol,97,1.0,0,1400,5,1110
6950,43.0,243000,Diesel,69,0.0,0,1900,3,1110
7750,43.0,178858,CNG,110,0.0,0,1600,3,1084
11950,40.0,161000,Diesel,69,1.0,0,1900,3,1105
4350,44.0,158320,Diesel,69,0.0,0,1800,5,1110
4750,44.0,131273,Diesel,69,1.0,0,1800,5,1110
11950,37.0,118217,Petrol,110,1.0,0,1600,5,1075
11900,44.0,110000,Diesel,69,1.0,0,1900,5,1095
9950,42.0,105699,Petrol,97,1.0,0,1400,3,1025
11950,55.67215568862275,98823,CNG,110,1.0,0,1600,5,1119
11495,44.0,96829,Petrol,110,1.0,0,1600,5,1075
11250,40.0,96518,Petrol,97,1.0,0,1400,3,1025
10500,42.0,92204,Petrol,110,1.0,0,1600,5,1075
10450,35.0,91456,Diesel,69,1.0,0,1900,3,1110
11500,44.0,89757,Petrol,110,1.0,0,1600,3,1045
12500,40.0,85389,Petrol,110,1.0,0,1600,5,1075
10950,43.0,85017,Petrol,97,0.0,0,1400,5,1060
11450,41.0,84312,Petrol,110,0.0,0,1600,5,1080
11950,37.0,82743,CNG,110,1.0,0,1600,5,1121
11450,40.0,78425,Petrol,110,1.0,0,1600,5,1075
10950,33.0,77321,Petrol,110,1.0,0,1600,5,1075
13500,33.0,75699,Diesel,69,0.0,0,1900,3,1105
10950,41.0,75697,Petrol,97,1.0,0,1400,3,1025
10950,44.0,74846,Petrol,97,1.0,0,1400,3,1025
12950,38.0,74319,Petrol,110,1.0,0,1600,5,1075
11950,55.67215568862275,74285,Petrol,110,1.0,0,1600,5,1075
11950,40.0,73042,Petrol,110,1.0,0,1598,5,1075
14950,44.0,71793,CNG,110,1.0,0,1600,4,1067
12450,35.0,71200,Petrol,110,1.0,0,1600,5,1075
12950,38.0,67805,Petrol,110,1.0,0,1600,5,1075
11950,55.67215568862275,65988,Petrol,110,1.0,0,1600,3,1040
11690,55.67215568862275,65345,Petrol,97,1.0,0,1400,5,1060
12450,42.0,64564,Petrol,110,1.0,0,1600,5,1080
12750,36.0,63459,Petrol,97,1.0,0,1400,5,1060
11925,55.67215568862275,63451,Petrol,97,0.0,0,1400,3,1025
12950,33.0,62000,Petrol,110,1.0,0,1600,5,1075
11950,42.0,61300,Petrol,97,1.0,0,1400,3,1030
12900,41.0,61200,Petrol,110,1.0,0,1600,3,1045
11900,41.0,61000,Petrol,110,0.0,0,1600,5,1075
11650,38.0,60829,Petrol,110,1.0,0,1600,5,1075
10950,44.0,60500,Petrol,110,0.0,0,1600,5,1075
13950,35.0,59500,Diesel,69,1.0,0,1900,3,1110
11950,40.0,58954,Petrol,110,1.0,0,1600,5,1080
10950,38.0,58798,Petrol,110,1.0,0,1600,5,1075
12450,38.0,58363,Petrol,110,1.0,0,1600,3,1055
11950,43.0,58277,Petrol,110,1.0,0,1600,3,1045
11690,33.0,57269,Petrol,110,1.0,0,1600,5,1075
13500,39.0,56001,Petrol,110,1.0,0,1600,5,1075
11950,42.0,55968,Petrol,110,1.0,0,1600,3,1050
12900,55.67215568862275,55678,Petrol,110,1.0,0,1600,4,1030
13500,43.0,55539,Petrol,110,1.0,0,1600,5,1085
11750,42.0,55400,Petrol,110,0.0,0,1600,5,1075
11750,33.0,55350,Petrol,110,0.0,0,1600,5,1075
10850,43.0,54600,Petrol,110,0.0,0,1600,4,1030
11750,43.0,53773,Petrol,110,1.0,0,1600,5,1075
9940,39.0,53644,Petrol,110,1.0,0,1600,5,1075
12900,42.0,53350,Petrol,110,0.0,0,1600,5,1075
13500,38.0,53000,Petrol,110,1.0,0,1600,5,1075
11750,44.0,52084,Petrol,97,1.0,0,1400,3,1025
11950,44.0,52000,Petrol,97,0.0,0,1400,3,1025
13450,33.0,51945,Petrol,110,1.0,0,1600,5,1075
11950,41.0,51732,Petrol,97,1.0,0,1400,3,1025
12495,39.0,50873,Petrol,110,1.0,0,1600,5,1075
13500,41.0,50856,Petrol,110,0.0,0,1600,4,1030
12750,40.0,50640,Petrol,110,1.0,0,1600,5,1075
12000,39.0,50000,Petrol,97,1.0,0,1400,5,1060
11950,38.0,49500,Petrol,110,1.0,0,1600,5,1075
12495,44.0,49332,Petrol,110,1.0,0,1600,5,1080
12450,34.0,49291,Petrol,110,1.0,0,1600,3,1040
10950,39.0,48945,Petrol,110,0.0,0,1600,3,1040
13500,33.0,48928,Diesel,69,1.0,0,1900,3,1105
12950,38.0,48197,Petrol,110,1.0,0,1600,5,1075
13500,35.0,48052,Diesel,69,1.0,0,1900,3,1105
13450,55.67215568862275,48011,Petrol,110,1.0,0,1600,4,1030
13500,43.0,48000,Petrol,110,1.0,0,1600,5,1075
11480,41.0,47350,Petrol,110,1.0,0,1600,5,1075
13450,39.0,46821,Petrol,97,1.0,0,1400,5,1060
11495,39.0,46694,Petrol,110,0.0,0,1600,3,1040
12750,43.0,46515,Petrol,97,0.0,0,1400,5,1025
14990,38.0,46327,Petrol,110,1.0,0,1600,3,1055
12950,35.0,46304,Petrol,97,1.0,0,1400,5,1060
12950,40.0,45886,Petrol,110,1.0,0,1600,5,1080
12850,39.0,45713,Petrol,97,1.0,0,1400,5,1085
11950,41.0,45287,Petrol,110,1.0,0,1600,5,1075
12950,39.0,45081,Petrol,110,1.0,0,1600,5,1075
11700,40.0,44830,Petrol,110,1.0,0,1600,5,1075
9950,37.0,44757,Petrol,97,1.0,0,1400,3,1025
11895,44.0,44218,Petrol,97,1.0,0,1400,5,1060
12950,43.0,43632,Petrol,110,1.0,0,1600,5,1075
12500,36.0,43427,Petrol,110,1.0,0,1600,3,1040
13875,39.0,43254,Petrol,110,1.0,0,1600,5,1075
10500,35.0,43000,Petrol,110,0.0,0,1600,3,1050
12295,33.0,42823,Petrol,110,1.0,0,1600,5,1075
13950,42.0,42560,Petrol,110,1.0,0,1600,5,1080
10950,38.0,41754,Petrol,110,0.0,0,1600,3,1040
12950,44.0,41499,CNG,110,1.0,0,1600,5,1103
12850,40.0,41339,Petrol,110,1.0,0,1600,5,1080
13995,35.0,41000,Petrol,110,1.0,0,1600,5,1075
13750,39.0,40000,Petrol,110,1.0,0,1600,3,1055
12750,37.0,39757,Petrol,110,1.0,0,1600,5,1075
12500,41.0,39659,Petrol,110,1.0,0,1600,3,1045
13950,43.0,39650,Petrol,110,0.0,0,1600,3,1055
11500,39.0,39524,Petrol,97,1.0,0,1398,3,1025
13950,44.0,39516,Petrol,97,1.0,0,1400,5,1060
11895,41.0,39439,Petrol,97,0.0,0,1400,5,1060
9950,44.0,39000,Petrol,97,1.0,0,1400,3,1025
13500,42.0,38932,Petrol,110,1.0,0,1600,3,1040
11450,37.0,38812,Petrol,97,1.0,0,1400,3,1025
12450,42.0,38665,Petrol,110,1.0,0,1600,5,1075
12950,40.0,38653,Petrol,110,1.0,0,1600,5,1080
13995,44.0,38461,Petrol,110,1.0,0,1600,5,1080
11750,42.0,38078,Petrol,97,0.0,0,1400,3,1025
11650,39.0,37782,Petrol,97,1.0,0,1400,5,1060
9950,43.0,37576,Petrol,97,0.0,0,1400,3,1030
13950,41.0,37533,Petrol,110,1.0,0,1600,5,1075
12950,44.0,37389,Petrol,110,1.0,0,1600,5,1080
10950,38.0,37320,Petrol,97,1.0,0,1400,3,1025
9900,42.0,37000,Petrol,97,1.0,0,1400,3,1025
11950,44.0,37000,Petrol,110,0.0,0,1600,4,1075
11990,40.0,36566,Petrol,110,0.0,0,1600,5,1090
10750,36.0,36269,Petrol,110,1.0,0,1600,5,1075
11250,44.0,36066,Petrol,110,1.0,0,1600,3,1040
12950,39.0,34599,Petrol,110,1.0,0,1600,five,1075
11950,41.0,34000,Petrol,110,1.0,0,1600,5,1075
10950,42.0,33623,Petrol,97,1.0,0,1400,3,1025
12950,33.0,33591,Petrol,110,1.0,0,1600,5,1075
12950,35.0,33258,Petrol,110,1.0,0,1600,5,1075
11695,43.0,33113,Petrol,110,1.0,0,1600,5,1075
13950,55.67215568862275,32941,Petrol,110,1.0,0,1600,5,1080
11950,38.0,32781,Petrol,110,0.0,0,1600,5,1075
11750,40.0,32532,Petrol,110,1.0,0,1600,3,1040
12400,34.0,32431,Petrol,97,1.0,0,1400,5,1060
12500,35.0,32000,Petrol,110,0.0,0,1600,3,1040
12900,33.0,31000,Petrol,110,1.0,0,1600,5,1075
12200,41.0,30989,Petrol,110,0.0,0,1600,3,1045
12750,43.0,30742,Petrol,110,1.0,0,1600,3,1040
11950,42.0,30190,Petrol,110,1.0,0,1600,5,1075
11900,41.0,29716,Petrol,116,1.0,0,1600,5,1075
14950,42.0,29640,Petrol,110,1.0,0,1600,3,1055
11950,41.0,29056,Petrol,97,1.0,0,1400,5,1060
12950,33.0,28715,Petrol,110,1.0,0,1600,5,1075
14950,41.0,28571,Petrol,110,0.0,0,1600,5,1090
13450,40.0,28362,Petrol,110,1.0,0,1600,3,1040
13750,38.0,28150,Petrol,110,1.0,0,1600,5,1075
12950,43.0,27301,Petrol,110,1.0,0,1600,3,1040
12750,33.0,27240,Petrol,110,1.0,0,1600,5,1075
11895,39.0,27170,Petrol,97,1.0,0,1400,5,1060
9950,42.0,27141,Petrol,97,1.0,0,1400,5,1060
12450,38.0,26262,Petrol,110,1.0,0,1600,5,1075
12500,38.0,26000,Petrol,97,1.0,0,1400,5,1060
14950,43.0,25228,Petrol,110,1.0,0,1600,3,1045
13750,39.0,25062,Petrol,110,1.0,0,1600,5,1080
14990,55.67215568862275,24650,Petrol,110,1.0,0,1600,3,1055
12750,43.0,24553,Petrol,110,1.0,0,1600,5,1080
14350,41.0,24475,Petrol,110,1.0,0,1600,5,1030
12950,39.0,24444,Petrol,110,1.0,0,1600,3,1040
11500,35.0,24011,Petrol,97,0.0,0,1400,3,1025
11950,41.0,24000,Petrol,97,1.0,0,1400,3,1025
13450,40.0,23616,Petrol,110,1.0,0,1600,5,1075
12900,38.0,22865,Petrol,110,1.0,0,1600,5,1075
10500,41.0,22780,Petrol,86,1.0,0,1300,5,1035
10950,35.0,21904,Petrol,97,0.0,0,1400,3,1025
11950,41.0,21651,Petrol,97,0.0,0,1400,3,1025
11450,37.0,21500,Petrol,110,1.0,0,1600,5,1030
13250,44.0,21027,Petrol,110,1.0,0,1600,5,1080
10250,39.0,18500,Petrol,110,0.0,0,1600,4,1030
13995,35.0,18000,Petrol,110,1.0,0,1600,5,1075
11950,40.0,17051,Petrol,97,0.0,0,1400,5,1060
13250,33.0,16512,Petrol,97,1.0,0,1400,5,1085
12950,40.0,16325,Petrol,110,1.0,0,1600,5,1080
11750,38.0,16000,Petrol,97,1.0,0,1400,5,1060
11500,39.0,12000,Petrol,110,1.0,0,1600,5,1075
13500,43.0,10000,Petrol,97,1.0,0,1400,5,1060
6500,53.0,216000,Diesel,69,0.0,0,1900,3,1110
6400,51.0,198167,Diesel,69,0.0,0,1900,4,1095
7000,53.0,176000,Diesel,69,0.0,0,1900,3,1105
8900,45.0,174000,Diesel,69,1.0,0,1900,5,1095
8500,55.0,150000,CNG,110,1.0,0,1600,3,1075
9900,51.0,146736,Petrol,110,1.0,0,1600,5,1080
9250,48.0,142130,CNG,110,0.0,0,1600,5,1119
7750,48.0,140700,Diesel,69,1.0,0,1900,5,1110
9450,55.67215568862275,138394,Diesel,69,1.0,0,1900,4,1095
9950,49.0,131364,Petrol,110,1.0,0,1600,5,1075
4450,56.0,129155,Diesel,69,0.0,0,1800,5,1110
9950,50.0,126110,Petrol,110,0.0,0,1600,3,1055
9000,48.0,119742,Petrol,110,1.0,0,1600,5,1080
9950,53.0,117913,Diesel,69,1.0,0,1900,5,1110
10500,55.0,1,Petrol,110,1.0,0,1600,4,1035
10750,54.0,115558,Petrol,110,1.0,0,1600,4,1035
8950,53.0,115113,Petrol,97,1.0,0,1400,3,1025
10950,49.0,107859,Petrol,97,0.0,0,1400,5,1060
9450,55.67215568862275,104805,Petrol,97,1.0,0,1400,3,1025
9950,54.0,103454,Petrol,110,1.0,0,1600,5,1075
11900,47.0,102352,Petrol,110,1.0,0,1600,5,1080
9950,50.0,102030,Petrol,97,1.0,0,1400,5,1060
11950,54.0,101352,Petrol,110,0.0,0,1600,5,1080
7900,50.0,99865,Petrol,110,1.0,0,1600,4,1035
10950,52.0,99323,Petrol,110,1.0,0,1600,3,1055
11950,51.0,98040,Petrol,110,0.0,0,1600,5,1080
10900,49.0,97600,Petrol,110,1.0,0,1600,3,1045
9950,55.0,97234,Petrol,110,0.0,0,1600,5,1080
10950,54.0,96100,Petrol,110,1.0,0,1600,5,1080
8950,55.0,94122,Petrol,86,1.0,0,1300,3,1015
10500,49.0,91340,Petrol,110,1.0,0,1600,3,1055
8950,53.0,90200,Petrol,97,0.0,0,1400,3,1025
11500,48.0,89049,Petrol,97,1.0,0,1400,5,1060
9750,52.0,89000,Petrol,110,0.0,0,1600,5,1075
9950,45.0,87274,Petrol,110,1.0,0,1600,3,1040
11450,49.0,86221,Petrol,110,0.0,0,1600,3,1045
12500,54.0,84598,Petrol,110,0.0,0,1600,5,1075
10500,50.0,83567,Petrol,110,0.0,0,1600,5,1075
12950,50.0,83106,Petrol,110,1.0,0,1600,5,1075
12200,50.0,82805,Petrol,110,1.0,0,1600,3,1040
10950,50.0,82735,Petrol,97,1.0,0,1400,3,1030
10950,54.0,81905,Petrol,110,1.0,0,1600,5,1105
10750,49.0,80090,Petrol,97,1.0,0,1400,3,1030
10895,53.0,79800,Petrol,110,0.0,0,1600,5,1075
11500,47.0,78785,CNG,110,1.0,0,1600,5,1119
9750,48.0,78600,Petrol,110,1.0,0,1600,5,1075
10250,55.0,77780,Petrol,110,1.0,0,1600,3,1040
12500,49.0,77648,Petrol,110,0.0,0,1600,4,1030
11950,54.0,77270,Petrol,110,1.0,0,1600,4,1035
10750,50.0,76167,Petrol,97,1.0,0,1400,5,1060
11450,46.0,75249,Petrol,110,1.0,0,1600,4,1035
11950,54.0,75231,Petrol,110,1.0,0,1600,5,1080
11750,48.0,75045,Petrol,110,1.0,0,1600,3,1055
11950,55.0,74715,Petrol,110,1.0,0,1600,5,1080
10995,49.0,74656,Diesel,69,0.0,0,1900,3,1105
11450,56.0,74500,Petrol,97,0.0,0,1400,3,1025
8900,49.0,74494,Petrol,110,1.0,0,1600,5,1075
10500,50.0,73634,Petrol,110,0.0,0,1587,5,1075
11750,47.0,73403,Petrol,110,1.0,0,1600,5,1075
11450,49.0,73175,Petrol,97,1.0,0,1400,3,1030
12000,55.67215568862275,73000,Petrol,110,0.0,0,1600,3,1055
9850,53.0,72000,Petrol,97,1.0,0,1400,3,1025
10950,55.67215568862275,71725,Petrol,110,1.0,0,1600,4,1035
10950,55.67215568862275,71276,Petrol,110,0.0,0,1600,5,1080
8695,55.67215568862275,70440,Diesel,69,1.0,0,1900,3,1105
10990,53.0,70239,Petrol,110,0.0,0,1600,3,1040
9500,55.0,69813,Petrol,97,1.0,0,1400,3,1025
11950,49.0,69659,Petrol,86,0.0,0,1300,3,1025
10750,46.0,69574,Petrol,97,0.0,0,1400,5,1065
8750,49.0,68565,Petrol,110,1.0,0,1600,4,1030
9950,46.0,68414,Petrol,97,0.0,0,1400,3,1025
11950,56.0,66777,Petrol,110,0.0,0,1600,5,1090
13950,52.0,66527,Petrol,110,1.0,0,1600,5,1080
11250,54.0,66063,Petrol,110,1.0,0,1600,5,1090
10900,50.0,65471,Petrol,97,1.0,0,1400,5,1060
9750,56.0,65400,Petrol,97,1.0,0,1400,3,1025
9950,52.0,65170,Petrol,97,1.0,0,1400,3,1025
11950,56.0,65000,Petrol,110,1.0,0,1600,5,1075
10450,48.0,64193,Petrol,110,1.0,0,1600,3,1040
8950,54.0,64000,Petrol,97,1.0,0,1400,3,1025
10250,54.0,63792,Petrol,110,1.0,0,1600,5,1075
9930,53.0,63635,Petrol,110,1.0,0,1600,4,1035
10500,54.0,63135,Petrol,110,1.0,0,1600,3,1050
11950,54.0,63123,Petrol,110,1.0,0,1600,4,1035
11500,55.67215568862275,63000,Petrol,110,0.0,0,1600,4,1035
11450,54.0,62987,Petrol,110,0.0,0,1600,5,1080
9900,56.0,62751,Petrol,110,0.0,0,1600,3,1050
9500,54.0,62519,Petrol,97,0.0,0,1400,3,1025
10500,50.0,62280,Petrol,97,1.0,0,1400,5,1060
10750,50.0,61672,Petrol,110,1.0,0,1600,5,1075
12000,56.0,61000,Petrol,110,1.0,0,1600,3,1050
9940,53.0,60558,Petrol,110,1.0,0,1600,4,1105
10950,47.0,60348,Petrol,110,0.0,0,1600,4,1030
10750,54.0,1,Petrol,110,1.0,0,1600,5,1075
9799,51.0,59000,Petrol,97,1.0,0,1400,3,1025
11750,51.0,58761,Petrol,97,0.0,0,1300,5,1060
11950,54.0,58745,Petrol,110,1.0,0,1600,4,1035
11250,52.0,58596,Petrol,110,1.0,0,1600,3,1045
11750,54.0,58530,Petrol,110,0.0,0,1600,5,1075
10950,55.0,58377,Petrol,110,1.0,0,1600,3,1050
11250,56.0,58142,Petrol,110,1.0,0,1600,5,1080
9950,53.0,57948,Petrol,97,1.0,0,1400,3,1025
9700,51.0,57645,Petrol,110,0.0,0,1600,5,1080
11950,47.0,57500,Petrol,110,1.0,0,1600,4,1105
9900,53.0,57475,Petrol,110,0.0,0,1600,3,1040
9990,55.67215568862275,56743,Petrol,110,0.0,0,1600,3,1045
9475,48.0,56675,Petrol,97,1.0,0,1400,3,1025
11500,54.0,55877,Petrol,110,1.0,0,1600,5,1075
11950,53.0,55500,Petrol,110,1.0,0,1600,4,1035
11500,55.0,54900,Petrol,97,1.0,0,1400,5,1060
10500,50.0,54465,Petrol,110,0.0,0,1600,5,1075
10900,46.0,53700,Petrol,97,1.0,0,1400,5,1060
11700,52.0,53561,Petrol,97,1.0,0,1400,5,1060
11900,51.0,53408,Petrol,110,1.0,0,1600,5,1080
13950,51.0,53268,Petrol,110,1.0,0,1600,5,1080
10950,49.0,53116,Petrol,97,1.0,0,1400,3,1025
10500,56.0,52448,Petrol,97,0.0,0,1400,3,1025
10750,55.0,52149,Petrol,97,1.0,0,1400,3,1085
11950,55.0,52141,Petrol,110,1.0,0,1600,5,1070
10000,56.0,52000,Petrol,97,0.0,0,1400,3,1025
10495,48.0,50967,Petrol,97,1.0,0,1400,5,1060
11450,50.0,50400,Petrol,110,0.0,0,1600,5,1080
9400,54.0,50000,Petrol,97,1.0,0,1400,3,1025
11950,51.0,50000,Petrol,86,1.0,0,1300,5,1045
9650,53.0,49969,Petrol,110,0.0,0,1600,5,1075
11450,51.0,49473,Petrol,110,0.0,0,1600,3,1055
10250,52.0,49432,Petrol,110,1.0,0,1600,3,1050
11450,55.67215568862275,49417,Petrol,110,1.0,0,1600,3,1045
9950,54.0,49366,Petrol,97,1.0,0,1400,3,1025
10500,56.0,48731,Petrol,110,1.0,0,1600,3,1055
13750,55.67215568862275,48370,Petrol,110,1.0,0,1600,5,1080
9950,48.0,48071,Petrol,97,0.0,0,1400,3,1025
10250,54.0,47852,Petrol,110,1.0,0,1600,4,1030
10850,54.0,47768,Petrol,110,1.0,0,1600,3,1055
11895,52.0,47689,Petrol,110,0.0,0,1600,5,1075
12950,53.0,47451,Petrol,110,1.0,0,1600,3,1055
11950,50.0,47219,Petrol,110,1.0,0,1600,5,1080
10750,56.0,47211,Petrol,110,1.0,0,1600,5,1070
9550,54.0,46856,Petrol,97,0.0,0,1400,5,1060
10950,56.0,46500,Petrol,86,0.0,0,1300,5,1035
11750,55.67215568862275,46449,Petrol,110,1.0,0,1600,4,1035
10950,47.0,46391,Petrol,110,0.0,0,1600,5,1075
12450,54.0,46230,Petrol,110,1.0,0,1600,3,1055
10500,52.0,46029,Petrol,110,1.0,0,1600,4,1030
10900,50.0,46000,Petrol,97,0.0,0,1400,3,1025
12950,50.0,45900,Petrol,110,1.0,0,1600,5,1075
10950,47.0,45850,Petrol,97,0.0,0,1400,5,1060
12500,56.0,45336,Petrol,110,1.0,0,1600,5,1080
9950,55.0,44537,Petrol,97,0.0,0,1400,3,1025
10750,56.0,43700,Petrol,86,1.0,0,1300,3,1025
12500,48.0,43120,Petrol,97,1.0,0,1400,3,1030
10450,49.0,41710,Petrol,110,0.0,0,1600,3,1040
10750,52.0,41700,Petrol,97,1.0,0,1400,3,1025
12950,49.0,41636,Petrol,110,1.0,0,1600,5,1105
10995,55.67215568862275,41273,Petrol,97,0.0,0,1400,5,1060
11250,50.0,40400,Petrol,97,1.0,0,1400,5,1060
11950,47.0,40361,Petrol,110,1.0,0,1600,5,1090
13750,54.0,40325,Petrol,86,0.0,0,1300,5,1045
11000,47.0,40000,Petrol,110,0.0,0,1600,5,1080
13500,50.0,39706,Petrol,110,1.0,0,1600,5,1080
10950,54.0,39291,Petrol,110,1.0,0,1600,3,1040
10750,54.0,39000,Petrol,97,0.0,0,1400,3,1025
8950,47.0,38900,Petrol,97,1.0,0,1400,3,1025
12950,51.0,38403,Petrol,110,0.0,0,1600,3,1055
9750,56.0,37461,Petrol,97,0.0,0,1400,3,1025
10900,54.0,37000,Petrol,97,1.0,0,1400,3,1025
10995,55.0,36406,Petrol,110,1.0,0,1600,4,1035
10750,48.0,36005,Petrol,97,1.0,0,1400,5,1065
10950,52.0,36000,Petrol,110,1.0,0,1600,5,1075
13000,55.67215568862275,36000,Petrol,110,0.0,0,1600,5,1080
11500,52.0,35823,Petrol,110,0.0,0,1600,5,1075
10950,55.67215568862275,35230,Petrol,97,0.0,0,1400,3,1025
11710,48.0,35142,Petrol,110,0.0,0,1600,3,1055
9980,49.0,34890,Petrol,97,1.0,0,1400,3,1025
12250,51.0,34882,Petrol,110,1.0,0,1600,5,1075
11500,46.0,34000,Petrol,110,1.0,0,1600,5,1075
11950,56.0,33998,Petrol,110,0.0,0,1600,5,1080
11500,55.0,33230,Petrol,110,0.0,0,1600,3,1050
11900,46.0,33021,Petrol,110,1.0,0,1600,5,1080
11930,49.0,31999,Petrol,97,0.0,0,1400,3,1030
10500,55.67215568862275,31579,Petrol,97,0.0,0,1400,3,1025
8950,56.0,31000,Petrol,97,0.0,0,1400,3,1025
10450,46.0,30806,Petrol,97,1.0,0,1400,5,1060
10500,55.0,30461,Petrol,86,1.0,0,1300,5,1050
9950,55.67215568862275,29650,Petrol,86,1.0,0,1300,3,1025
12900,52.0,29500,Petrol,110,1.0,0,1600,3,1055
9950,48.0,28656,Petrol,97,0.0,0,1400,3,1085
9950,55.0,27500,Petrol,97,1.0,0,1400,3,1025
10950,48.0,26938,Petrol,110,1.0,0,1600,3,1040
10950,53.0,26624,Petrol,97,0.0,0,1400,5,1060
9950,47.0,26221,Petrol,97,1.0,0,1400,3,1025
10950,50.0,22648,Petrol,97,1.0,0,1400,5,1060
10800,50.0,22500,Petrol,97,1.0,0,1400,3,1025
10500,56.0,19313,Petrol,97,0.0,0,1400,3,1025
10450,50.0,17619,Petrol,110,1.0,0,1600,4,1030
10600,51.0,17069,Petrol,97,1.0,0,1400,3,1025
10450,48.0,15000,Petrol,97,1.0,0,1400,3,1025
12950,50.0,10210,Petrol,97,0.0,0,1400,5,1065
8950,52.0,31000,Petrol,97,1.0,0,1398,3,1025
5950,68.0,194545,Petrol,86,0.0,0,1300,4,1000
6950,68.0,155720,Petrol,86,1.0,0,1300,3,1015
7950,67.0,155500,Petrol,110,1.0,0,1600,5,1050
8250,64.0,150585,Petrol,110,1.0,0,1600,3,1065
8450,64.0,144000,Petrol,110,1.0,0,1600,3,1065
8950,68.0,140000,Petrol,110,1.0,0,1600,5,1085
8950,59.0,137050,CNG,110,1.0,0,1600,3,1078
8750,61.0,136956,Petrol,110,0.0,0,1600,3,1065
7950,67.0,135337,CNG,110,1.0,0,1600,5,1120
7750,60.0,130270,Petrol,110,0.0,0,1600,3,1050
9450,66.0,126452,Petrol,110,1.0,0,1600,5,1085
7995,59.0,121626,Petrol,86,0.0,0,1300,5,1050
10450,64.0,120400,Petrol,110,0.0,0,1600,5,1090
9950,68.0,119541,Petrol,110,0.0,0,1600,3,1055
8950,68.0,119500,Petrol,110,1.0,0,1600,5,1070
7950,68.0,119289,Petrol,110,1.0,0,1600,4,1035
10950,57.0,118833,Petrol,110,0.0,0,1600,3,1065
7250,65.0,117609,Petrol,86,0.0,0,1300,3,1015
8000,64.0,116000,Petrol,86,0.0,0,1300,5,1045
9950,58.0,115715,Petrol,110,0.0,0,1600,5,1070
9450,60.0,115191,CNG,110,1.0,0,1600,4,1079
7950,68.0,115071,Petrol,110,1.0,0,1600,3,1055
9450,63.0,115000,CNG,110,0.0,0,1600,3,1109
9950,64.0,114846,Petrol,110,1.0,0,1600,5,1075
8250,59.0,113700,Petrol,110,1.0,0,1600,5,1065
9950,67.0,113118,Petrol,86,1.0,0,1300,3,1020
8250,59.0,112827,Petrol,86,1.0,0,1300,5,1040
9950,68.0,112116,Petrol,110,1.0,0,1600,5,1070
10500,66.0,112000,Petrol,110,1.0,0,1600,3,1065
9750,65.0,111769,Petrol,110,0.0,0,1600,3,1065
9250,61.0,110853,Petrol,110,1.0,0,1600,5,1070
9500,68.0,110287,Petrol,110,1.0,0,1600,3,1050
9950,62.0,109547,Petrol,110,1.0,0,1600,5,1075
7750,63.0,109230,Petrol,110,0.0,0,1600,3,1050
9500,68.0,109150,Petrol,110,0.0,0,1600,5,1075
9950,67.0,108793,Petrol,110,1.0,0,1600,4,1035
9750,58.0,105942,Petrol,86,0.0,0,1300,5,1040
5950,59.0,105000,Petrol,86,1.0,0,1300,3,1015
8500,55.67215568862275,105000,Petrol,86,0.0,0,1300,5,1040
8495,68.0,104299,Petrol,110,1.0,0,1600,5,1085
9250,67.0,104000,Petrol,86,0.0,0,1300,3,1020
6900,55.67215568862275,104000,Petrol,86,1.0,0,1300,3,1015
8950,58.0,103458,Petrol,86,1.0,0,1300,3,1025
9500,55.67215568862275,103400,Petrol,110,1.0,0,1600,5,1075
9250,63.0,102807,Petrol,86,0.0,0,1300,5,1055
9895,68.0,102494,Petrol,110,0.0,0,1600,5,1090
7950,61.0,102106,Petrol,110,0.0,0,1600,3,1050
8750,68.0,101889,Petrol,110,1.0,0,1600,5,1075
8950,63.0,101469,Petrol,110,1.0,0,1600,3,1065
8950,68.0,101001,Petrol,110,0.0,0,1600,5,1075
8950,61.0,100748,Petrol,110,1.0,0,1600,5,1070
8950,65.0,100550,Petrol,110,1.0,0,1600,5,1075
9450,67.0,99781,Petrol,110,1.0,0,1600,5,1085
8950,59.0,98658,Petrol,86,1.0,0,1300,3,1020
9250,65.0,98500,Petrol,110,1.0,0,1600,5,1075
8750,64.0,98291,Petrol,86,0.0,0,1300,4,1000
9950,61.0,97648,Petrol,110,1.0,0,1600,3,1065
9950,55.67215568862275,97425,Petrol,110,1.0,0,1600,5,1075
9900,65.0,97173,Petrol,86,0.0,0,1300,3,1015
8950,66.0,97046,Petrol,86,1.0,0,1300,4,1000
8950,67.0,96000,Petrol,110,1.0,0,1600,3,1050
9250,67.0,95750,Petrol,110,1.0,0,1600,5,1070
10250,61.0,95147,Petrol,110,1.0,0,1600,3,1050
8950,55.67215568862275,95000,Petrol,110,0.0,0,1600,3,1050
7999,65.0,95000,Petrol,110,1.0,0,1600,3,1050
9900,66.0,94606,Petrol,110,0.0,0,1600,3,1065
8250,63.0,94504,Petrol,86,1.0,0,1300,4,1000
10500,65.0,93428,Petrol,110,1.0,0,1600,5,1075
8450,65.0,93408,Petrol,86,0.0,0,1300,3,1015
9900,68.0,93296,Petrol,110,1.0,0,1600,5,1090
10500,62.0,93098,Petrol,110,1.0,0,1600,5,1075
9500,61.0,92498,Petrol,110,1.0,0,1600,3,1050
9450,65.0,92226,Petrol,110,0.0,0,1600,3,1065
8250,55.67215568862275,91333,Petrol,110,1.0,0,1600,3,1050
8750,55.67215568862275,91246,Petrol,86,1.0,0,1300,3,1015
9500,58.0,91000,Petrol,110,1.0,0,1600,5,1075
8450,68.0,90727,Petrol,110,0.0,0,1600,3,1050
8490,62.0,90000,Petrol,110,0.0,0,1600,3,1050
8750,60.0,89576,Petrol,110,0.0,0,1600,4,1035
9750,64.0,89145,Petrol,86,1.0,0,1300,3,1025
9950,63.0,89000,Petrol,110,1.0,0,1600,5,1085
8500,68.0,88807,Petrol,110,0.0,0,1600,3,1050
8450,63.0,88685,Petrol,110,0.0,0,1600,5,1070
7900,62.0,88667,Petrol,110,1.0,0,1600,4,1040
8750,57.0,88480,Petrol,110,1.0,0,1600,3,1050
7950,61.0,88127,Petrol,86,0.0,0,1300,3,1015
6900,62.0,88000,Petrol,86,0.0,0,1300,3,1020
8150,65.0,87821,Petrol,86,1.0,0,1300,3,1015
8900,59.0,86888,Petrol,110,1.0,0,1600,3,1050
9500,59.0,86871,Petrol,86,1.0,0,1300,5,1040
8950,68.0,86714,Petrol,110,1.0,0,1600,4,1035
11500,65.0,85889,Petrol,110,1.0,0,1600,3,1065
10450,62.0,85000,Petrol,110,1.0,0,1600,3,1050
10500,60.0,85000,Petrol,86,1.0,0,1300,3,1025
9250,68.0,84976,Petrol,110,1.0,0,1600,4,1035
10950,65.0,84558,Petrol,110,1.0,0,1600,5,1120
10450,62.0,84549,Petrol,110,1.0,0,1600,5,1075
9250,68.0,84482,Petrol,110,1.0,0,1600,5,1075
8750,62.0,83908,Petrol,110,1.0,0,1600,5,1070
8750,67.0,83560,Petrol,86,0.0,0,1300,3,1015
8250,64.0,82723,Petrol,86,0.0,0,1300,3,1015
10450,62.0,82421,Petrol,110,1.0,0,1600,3,1065
9750,58.0,82254,Petrol,110,0.0,0,1600,5,1050
8950,61.0,82115,Petrol,110,1.0,0,1600,3,1055
7450,65.0,82000,Petrol,86,1.0,0,1300,3,1015
8450,68.0,81965,Petrol,86,1.0,0,1300,5,1035
8250,55.67215568862275,81250,Petrol,110,0.0,0,1600,3,1050
10950,65.0,81192,Petrol,110,1.0,0,1600,3,1065
8950,61.0,81170,Petrol,110,1.0,0,1600,4,1040
8750,66.0,81083,Petrol,86,0.0,0,1300,3,1015
10450,61.0,80714,Petrol,110,1.0,0,1600,5,1075
10950,57.0,80470,Petrol,110,0.0,0,1600,5,1085
8450,65.0,80439,Petrol,110,1.0,0,1600,4,1035
9950,59.0,80430,Petrol,110,1.0,0,1600,3,1065
9950,55.67215568862275,80426,Petrol,110,1.0,0,1600,3,1055
8750,62.0,80265,Petrol,86,0.0,0,1300,3,1015
9950,65.0,80153,Petrol,110,0.0,0,1600,5,1070
9500,68.0,80121,Petrol,110,0.0,0,1600,5,1070
8250,65.0,80086,Petrol,110,1.0,0,1600,4,1035
10950,62.0,80000,Petrol,110,1.0,0,1600,5,1075
7950,60.0,80000,Petrol,86,0.0,0,1300,5,1015
8250,65.0,80000,Petrol,86,1.0,0,1300,2,1015
9895,67.0,79858,Petrol,110,1.0,0,1600,4,1040
9130,67.0,79762,Petrol,86,1.0,0,1300,3,1015
10500,60.0,79150,Petrol,110,1.0,0,1600,5,1075
8900,61.0,79000,Petrol,110,1.0,0,1600,3,1050
9500,57.0,78955,Petrol,86,1.0,0,1300,5,1045
7950,68.0,78521,Petrol,86,0.0,0,1300,3,1015
7950,64.0,78356,Petrol,86,1.0,0,1300,3,1015
7950,65.0,78076,Petrol,86,1.0,0,1300,3,1015
10950,55.67215568862275,77821,Petrol,110,1.0,0,1600,5,1075
9750,68.0,77695,Petrol,110,1.0,0,1600,4,1035
9750,65.0,77500,Petrol,110,1.0,0,1600,3,1050
9450,63.0,77457,Petrol,110,1.0,0,1600,3,1055
8950,68.0,77029,Petrol,86,1.0,0,1300,3,1015
8950,68.0,77008,Petrol,86,1.0,0,1300,3,1015
8900,66.0,76791,Petrol,110,1.0,0,1600,5,1070
9950,61.0,76700,Petrol,86,1.0,0,1300,5,1035
8750,67.0,76569,Petrol,86,1.0,0,1300,3,1020
8950,59.0,76162,Petrol,110,1.0,0,1600,5,1075
8990,65.0,76155,Petrol,110,1.0,0,1600,4,1035
8950,61.0,75609,Petrol,86,1.0,0,1300,3,1015
9950,55.67215568862275,75429,Petrol,110,1.0,0,1600,3,1065
9900,68.0,75000,Petrol,110,1.0,0,1600,5,1075
8950,65.0,75000,Petrol,86,0.0,0,1300,3,1015
8950,62.0,75000,Petrol,110,1.0,0,1600,5,1070
7950,68.0,74889,Petrol,86,1.0,0,1300,3,1015
7750,55.67215568862275,74875,Petrol,110,0.0,0,1600,5,1070
8950,63.0,74747,Petrol,110,1.0,0,1600,5,1075
11950,60.0,74720,Petrol,110,1.0,0,1600,5,1085
8950,62.0,74457,Petrol,110,0.0,0,1600,5,1075
11950,60.0,74337,Petrol,86,0.0,0,1300,5,1035
8950,68.0,74308,Petrol,110,0.0,0,1600,3,1050
9950,64.0,74193,Petrol,110,1.0,0,1600,3,1050
8250,65.0,74179,Petrol,110,1.0,0,1600,3,1050
8995,67.0,73936,Petrol,86,1.0,0,1300,5,1050
9995,61.0,73894,Petrol,110,1.0,0,1600,3,1065
9250,64.0,73500,Petrol,110,1.0,0,1600,3,1050
10950,64.0,73376,Petrol,110,0.0,0,1600,5,1070
8900,55.67215568862275,73300,Petrol,86,1.0,0,1300,3,1015
9500,55.67215568862275,73172,Petrol,110,1.0,0,1600,5,1075
9950,58.0,72928,Petrol,110,1.0,0,1600,5,1075
7950,67.0,72880,Petrol,86,1.0,0,1332,3,1015
8250,63.0,72522,Petrol,110,1.0,0,1600,3,1050
9450,64.0,72000,Petrol,86,1.0,0,1300,3,1015
7950,57.0,72000,Petrol,86,0.0,0,1300,3,1015
9500,59.0,71366,Petrol,110,0.0,0,1600,3,1065
8950,65.0,71317,Petrol,110,1.0,0,1600,3,1050
10950,62.0,71000,Petrol,110,0.0,0,1600,5,1070
8950,60.0,70954,Petrol,110,0.0,0,1600,3,1050
9450,63.0,70908,Petrol,86,0.0,0,1300,5,1035
8000,58.0,70560,Petrol,110,1.0,0,1600,3,1050
9900,67.0,70552,Petrol,110,0.0,0,1600,5,1075
8950,62.0,70500,Petrol,110,1.0,0,1600,5,1035
9450,59.0,70218,Petrol,110,1.0,0,1600,3,1050
8450,64.0,70116,Petrol,110,1.0,0,1600,4,1035
9500,65.0,70068,Petrol,110,1.0,0,1600,5,1075
6950,68.0,70000,Petrol,86,1.0,0,1300,3,1015
9750,68.0,69103,Petrol,110,0.0,0,1600,4,1035
6950,58.0,69022,Petrol,86,1.0,0,1300,5,1035
9650,67.0,69000,Petrol,110,1.0,0,1600,3,1065
9950,68.0,68865,Petrol,110,1.0,0,1600,3,1065
9250,58.0,68723,Petrol,86,0.0,0,1300,3,1025
8950,63.0,68453,Petrol,110,1.0,0,1600,5,1070
9900,63.0,68238,Petrol,86,0.0,0,1300,5,1050
10995,63.0,68153,Petrol,110,1.0,0,1600,5,1085
10500,65.0,68000,Petrol,110,0.0,0,1600,5,1075
8950,65.0,68000,Petrol,86,1.0,0,1300,3,1015
9750,67.0,67762,Petrol,110,1.0,0,1600,3,1065
10950,68.0,67146,Petrol,110,1.0,0,1600,5,1075
9750,67.0,67110,Petrol,86,1.0,0,1300,5,1035
9950,59.0,67010,Petrol,110,1.0,0,1600,3,1065
10500,65.0,67003,Petrol,110,1.0,0,1600,4,1035
8800,68.0,66550,Petrol,86,0.0,0,1332,3,1010
10500,61.0,66259,Petrol,110,1.0,0,1600,3,1065
9250,62.0,66082,Petrol,110,1.0,0,1600,5,1070
7800,65.0,66000,Petrol,86,1.0,0,1300,3,1015
9950,61.0,66000,Petrol,110,0.0,0,1600,3,1050
10750,63.0,65896,Petrol,110,1.0,0,1600,3,1065
10950,67.0,65785,Petrol,110,1.0,0,1600,5,1075
9950,59.0,65463,Petrol,110,1.0,0,1600,5,1070
8100,55.67215568862275,65400,Petrol,86,1.0,0,1300,4,1000
9250,60.0,65259,Petrol,110,1.0,0,1600,3,1050
7800,64.0,65000,Petrol,110,1.0,0,1600,3,1050
9000,68.0,65000,Petrol,110,0.0,0,1600,5,1070
8950,57.0,65000,Petrol,110,0.0,0,1600,4,1035
8950,62.0,64966,Petrol,86,1.0,0,1300,3,1020
9950,68.0,64950,Petrol,110,1.0,0,1600,5,1075
8500,60.0,64914,Petrol,110,1.0,0,1600,5,1070
7995,62.0,64797,Petrol,110,1.0,0,1600,5,1075
8750,65.0,64772,Petrol,110,1.0,0,1600,3,1050
9750,63.0,64690,Petrol,86,0.0,0,1300,3,1020
10950,65.0,64630,Petrol,110,0.0,0,1600,5,1070
9750,67.0,64613,Petrol,110,1.0,0,1600,5,1085
8200,60.0,64383,Petrol,86,1.0,0,1300,3,1015
8950,68.0,64000,Petrol,110,1.0,0,1600,5,1075
9500,66.0,63881,Petrol,86,0.0,0,1300,3,1015
9850,65.0,62396,Petrol,110,0.0,0,1600,3,1050
9450,62.0,62377,Petrol,110,1.0,0,1600,5,1075
10295,67.0,62316,Petrol,110,1.0,0,1600,3,1050
9750,68.0,62292,Petrol,110,1.0,0,1600,3,1065
8950,65.0,62225,Petrol,110,1.0,0,1600,3,1050
9900,68.0,62222,Petrol,110,0.0,0,1600,5,1075
8750,66.0,62135,Petrol,86,1.0,0,1300,5,1035
9950,58.0,62024,Petrol,110,1.0,0,1600,5,1075
8500,60.0,61977,Petrol,86,1.0,0,1300,3,1015
9950,62.0,61930,Petrol,110,1.0,0,1600,4,1035
10950,57.0,61682,Petrol,110,0.0,0,1600,3,1050
9795,68.0,61568,Petrol,110,1.0,0,1600,4,1035
8750,68.0,61504,Petrol,110,1.0,0,1600,4,1035
8250,65.0,61384,Petrol,110,1.0,0,1600,3,1050
9950,58.0,61343,Petrol,110,1.0,0,1600,5,1075
9950,62.0,61254,Petrol,110,0.0,0,1600,5,1075
10500,59.0,61166,Petrol,110,1.0,0,1600,3,1050
9750,62.0,61149,Petrol,86,1.0,0,1300,5,1040
11250,61.0,61144,Petrol,110,1.0,0,1600,5,1090
8900,59.0,61127,Petrol,110,1.0,0,1600,3,1050
7950,60.0,61100,Petrol,86,1.0,0,1300,3,1015
11500,68.0,61100,Petrol,110,1.0,0,1600,5,1075
9450,57.0,61000,Petrol,110,1.0,0,1600,3,1050
7995,65.0,60724,Petrol,86,1.0,0,1300,3,1015
10995,59.0,60708,Petrol,86,1.0,0,1300,5,1045
8950,61.0,60532,Petrol,110,1.0,0,1600,3,1050
8950,66.0,60000,Petrol,86,1.0,0,1300,3,1015
8950,65.0,60000,Petrol,86,1.0,0,1300,3,1015
9500,62.0,59295,Petrol,86,0.0,0,1300,5,1035
7500,65.0,59264,Petrol,86,0.0,0,1300,3,1015
8950,63.0,59000,Petrol,110,0.0,0,1600,3,1050
9950,63.0,59000,Petrol,86,1.0,0,1300,5,1035
9750,65.0,59000,Petrol,110,0.0,0,1600,5,1075
9450,61.0,59000,Petrol,110,1.0,0,1600,5,1070
9950,65.0,59000,Petrol,110,0.0,0,1600,3,1050
9750,68.0,58860,Petrol,110,1.0,0,1600,3,1055
8950,65.0,58829,Petrol,110,0.0,0,1600,3,1050
8250,66.0,58654,Petrol,110,1.0,0,1600,5,1070
7750,65.0,58300,Petrol,86,1.0,0,1300,3,1015
8950,60.0,58269,Petrol,110,1.0,0,1600,3,1050
9950,64.0,58136,Petrol,110,1.0,0,1600,5,1075
12950,67.0,58058,Petrol,110,1.0,0,1600,3,1065
9950,58.0,58000,Petrol,110,1.0,0,1600,3,1050
10495,62.0,58000,Petrol,110,1.0,0,1600,3,1065
7950,68.0,57565,Petrol,86,1.0,0,1300,5,1035
8950,65.0,57374,Petrol,110,1.0,0,1600,5,1075
9900,62.0,57179,Petrol,110,1.0,0,1600,5,1075
9995,61.0,57169,Petrol,110,1.0,0,1600,3,1065
9950,63.0,57124,Petrol,110,1.0,0,1600,3,1065
9950,63.0,57000,Petrol,110,1.0,0,1600,3,1050
8250,67.0,57000,Petrol,110,0.0,0,1600,3,1050
9950,63.0,57000,Petrol,86,1.0,0,1300,5,1035
8950,59.0,56259,Petrol,86,0.0,0,1300,3,1015
9250,67.0,56074,Petrol,86,0.0,0,1300,4,1000
9950,63.0,55942,Petrol,110,1.0,0,1600,5,1070
9995,57.0,55844,Petrol,86,1.0,0,1300,5,1045
8750,61.0,55747,Petrol,86,0.0,0,1300,3,1020
10950,58.0,55478,Petrol,86,0.0,0,1300,5,1045
9950,65.0,55061,Petrol,110,1.0,0,1600,5,1070
8950,65.0,55000,Petrol,86,1.0,0,1300,3,1015
10950,57.0,55000,Petrol,110,0.0,0,1600,5,1075
10950,63.0,54936,Petrol,110,1.0,0,1600,5,1075
8950,68.0,54875,Petrol,110,1.0,0,1600,5,1070
8900,67.0,54847,Petrol,110,0.0,0,1600,3,1050
10250,60.0,54554,Petrol,110,1.0,0,1600,3,1065
9450,61.0,54125,Petrol,110,1.0,0,1600,5,1035
9250,61.0,54000,Petrol,110,1.0,0,1600,3,1055
10500,57.0,54000,Petrol,110,1.0,0,1600,5,1075
7350,58.0,54000,Petrol,86,0.0,0,1300,5,1035
10250,57.0,54000,Petrol,110,1.0,0,1600,3,1135
10250,62.0,53285,Petrol,110,1.0,0,1600,5,1075
11500,65.0,53053,Petrol,110,1.0,0,1600,5,1075
7750,55.67215568862275,53000,Petrol,86,0.0,0,1300,3,1015
9500,64.0,52968,Petrol,110,1.0,0,1600,3,1050
8450,67.0,52800,Petrol,86,1.0,0,1300,3,1015
8950,57.0,52548,Petrol,110,0.0,0,1600,3,1050
8400,60.0,52487,Petrol,110,1.0,0,1600,4,1035
9250,66.0,52383,Petrol,86,0.0,0,1300,3,1015
8900,61.0,52112,Petrol,110,1.0,0,1600,4,1035
8750,58.0,51712,Petrol,110,0.0,0,1600,3,1050
8950,61.0,51235,Petrol,86,1.0,0,1300,4,1000
8950,65.0,51000,Petrol,86,1.0,0,1300,3,1015
8895,61.0,50925,Petrol,110,1.0,0,1600,5,1070
8750,59.0,50469,Petrol,110,1.0,0,1600,5,1070
9750,61.0,50173,Petrol,110,1.0,0,1600,5,1075
9950,62.0,50000,Petrol,110,1.0,0,1600,5,1075
10950,65.0,49942,Petrol,110,0.0,0,1600,3,1065
9900,67.0,49585,Petrol,110,0.0,0,1600,5,1085
9500,62.0,49258,Petrol,110,1.0,0,1600,4,1035
9950,61.0,49000,Petrol,110,0.0,0,1600,3,1050
9950,63.0,48738,Petrol,110,0.0,0,1600,5,1055
10500,62.0,47750,Petrol,86,1.0,0,1300,5,1040
9950,63.0,47612,Petrol,86,0.0,0,1300,3,1015
10495,68.0,47500,Petrol,86,1.0,0,1300,5,1035
9500,55.67215568862275,47237,Petrol,110,0.0,0,1600,3,1050
8500,58.0,47171,Petrol,86,1.0,0,1300,3,1015
10450,60.0,47060,Petrol,110,0.0,0,1600,4,1035
8950,65.0,47014,Petrol,86,1.0,0,1300,3,1015
9900,59.0,46929,Petrol,86,1.0,0,1300,3,1025
8900,55.67215568862275,46000,Petrol,86,0.0,0,1300,5,1035
8745,65.0,45681,Petrol,110,0.0,0,1600,3,1050
8750,65.0,45549,Petrol,86,1.0,0,1300,3,1015
10750,57.0,45000,Petrol,110,1.0,0,1600,5,1050
9750,57.0,45000,Petrol,110,1.0,0,1600,3,1050
8850,65.0,45000,Petrol,110,0.0,0,1600,5,1075
7950,66.0,45000,Petrol,86,1.0,0,1300,5,1035
9450,63.0,45000,Petrol,110,1.0,0,1600,4,1035
8250,63.0,44944,Petrol,110,1.0,0,1600,4,1035
9950,61.0,44597,Petrol,86,1.0,0,1300,3,1015
9995,55.67215568862275,44458,Petrol,86,0.0,0,1300,3,1015
9950,59.0,43818,Petrol,110,0.0,0,1600,5,1070
10495,60.0,43426,Petrol,110,1.0,0,1600,5,1070
8950,68.0,43000,Petrol,110,1.0,0,1600,5,1035
9695,57.0,43000,Petrol,110,0.0,0,1600,5,1075
7750,64.0,43000,Petrol,86,1.0,0,1300,3,1015
9950,68.0,42750,Petrol,110,1.0,0,1600,3,1050
9950,67.0,42102,Petrol,110,1.0,0,1600,5,1075
9950,63.0,41586,Petrol,110,1.0,0,1600,5,1114
9900,64.0,41200,Petrol,110,1.0,0,1600,5,1070
10950,57.0,40214,Petrol,86,0.0,0,1300,3,1025
8950,60.0,40000,Petrol,86,1.0,0,1300,4,1000
8250,66.0,39144,Petrol,110,1.0,0,1600,3,1050
10250,62.0,39000,Petrol,110,1.0,0,1600,5,1075
8750,61.0,38019,Petrol,110,1.0,0,1600,5,1070
9750,55.67215568862275,37759,Petrol,110,1.0,0,1600,5,1070
10950,61.0,37500,Petrol,110,0.0,0,1600,5,1085
10950,60.0,37111,Petrol,110,1.0,0,1600,3,1050
9750,62.0,37000,Petrol,86,0.0,0,1300,3,1015
8900,59.0,36954,Petrol,110,1.0,0,1600,3,1050
9500,60.0,36943,Petrol,110,0.0,0,1600,5,1070
9950,63.0,36923,Petrol,86,0.0,0,1300,5,1050
9950,66.0,36658,Petrol,110,0.0,0,1600,3,1050
8250,65.0,36000,Petrol,86,1.0,0,1300,3,1015
10450,65.0,36000,Petrol,110,1.0,0,1600,3,1065
10950,62.0,35512,Petrol,110,1.0,0,1600,3,1065
9250,65.0,35283,Petrol,86,1.0,0,1300,3,1015
8900,68.0,35000,Petrol,110,1.0,0,1600,3,1050
10900,57.0,35000,Petrol,86,1.0,0,1300,5,1045
9750,64.0,34114,Petrol,110,0.0,0,1600,3,1050
11950,58.0,34000,Petrol,110,0.0,0,1600,5,1075
7900,68.0,33847,Petrol,86,1.0,0,1300,4,1000
10900,57.0,33535,Petrol,110,0.0,0,1600,4,1035
10450,65.0,33000,Petrol,110,0.0,0,1600,3,1050
10950,59.0,32150,Petrol,110,1.0,0,1600,5,1085
9950,65.0,31588,Petrol,86,1.0,0,1300,3,1015
10750,55.67215568862275,31480,Petrol,110,1.0,0,1600,3,1065
9900,57.0,31307,Petrol,110,1.0,0,1600,5,1070
10750,68.0,31000,Petrol,110,1.0,0,1600,4,1035
10450,58.0,30634,Petrol,110,1.0,0,1600,5,1075
9450,68.0,30300,Petrol,86,1.0,0,1300,4,1000
10950,60.0,28500,Petrol,110,0.0,0,1600,5,1075
10000,57.0,28000,Petrol,86,1.0,0,1300,3,1015
10500,68.0,26698,Petrol,110,0.0,0,1600,3,1055
8950,62.0,25505,Petrol,86,1.0,0,1300,5,1035
10500,58.0,25000,Petrol,110,1.0,0,1600,5,1075
9245,66.0,22835,Petrol,110,1.0,0,1600,3,1050
10950,59.0,22705,Petrol,110,1.0,0,1600,5,1075
9500,55.67215568862275,22178,Petrol,86,1.0,0,1300,3,1015
10900,62.0,17345,Petrol,110,1.0,0,1600,3,1050
9450,66.0,15110,Petrol,86,0.0,0,1300,5,1035
5250,79.0,207114,CNG,110,1.0,0,1600,5,1114
5950,73.0,176177,Petrol,110,1.0,0,1600,5,1075
6500,78.0,176000,Petrol,86,0.0,0,1300,5,1035
7950,71.0,164000,Petrol,110,1.0,0,1600,3,1050
5800,78.0,161775,Petrol,86,1.0,0,1300,3,1015
6750,80.0,160000,Petrol,86,0.0,0,1300,3,1015
5740,74.0,159908,Petrol,110,0.0,0,1600,3,1050
6550,73.0,158492,Petrol,86,0.0,0,1300,3,1015
6750,73.0,156169,Petrol,86,1.0,0,1300,5,1035
7950,78.0,155210,Petrol,110,0.0,0,1600,3,1050
6450,71.0,151000,CNG,110,1.0,0,1600,5,1094
5600,75.0,146197,Petrol,86,0.0,0,1300,3,1015
5950,77.0,145996,Petrol,110,0.0,0,1600,4,1035
8950,55.67215568862275,138500,Petrol,86,0.0,0,1300,5,1050
7750,73.0,134539,Petrol,110,1.0,0,1600,5,1070
6950,77.0,131307,Petrol,110,1.0,0,1600,3,1050
7250,74.0,130025,Petrol,110,1.0,0,1600,3,1050
6500,78.0,130000,Petrol,86,1.0,0,1300,5,1015
7250,77.0,128960,Petrol,110,1.0,0,1600,5,1070
9250,80.0,128351,Petrol,110,1.0,0,1600,5,1070
8250,73.0,128006,Petrol,110,1.0,0,1600,3,1050
5250,72.0,126478,Petrol,110,1.0,0,1600,4,1035
7900,77.0,126000,Petrol,110,1.0,0,1600,5,1050
6900,76.0,125778,Petrol,110,0.0,0,1600,3,1050
7900,75.0,125400,Petrol,110,0.0,0,1600,3,1050
8450,70.0,124743,Petrol,110,1.0,0,1600,3,1050
7950,55.67215568862275,124591,Petrol,110,1.0,0,1600,5,1075
7950,74.0,124057,Petrol,110,1.0,0,1600,3,1050
6450,72.0,123403,Petrol,110,1.0,0,1600,3,1050
6650,75.0,123104,Petrol,110,1.0,0,1600,5,1070
7950,74.0,123077,Petrol,86,1.0,0,1300,3,1015
7250,80.0,122820,Petrol,86,0.0,0,1300,5,1040
7450,77.0,122290,Petrol,110,0.0,0,1600,3,1050
7950,74.0,121900,Petrol,110,1.0,0,1600,4,1035
7250,55.67215568862275,121545,Petrol,110,1.0,0,1600,5,1070
7750,74.0,120196,Petrol,110,1.0,0,1600,3,1050
8500,71.0,120000,Petrol,110,0.0,0,1600,5,1085
7750,78.0,120000,Petrol,110,0.0,0,1600,5,1075
5750,73.0,115877,Petrol,110,0.0,0,1600,4,1035
6900,76.0,115345,Petrol,110,1.0,0,1600,5,1070
6500,55.67215568862275,115157,Petrol,110,1.0,0,1600,3,1050
7600,77.0,114258,Petrol,86,1.0,0,1300,5,1050
7450,74.0,112307,Petrol,110,1.0,0,1600,5,1070
7350,72.0,1,Petrol,86,1.0,0,1300,3,1015
7750,73.0,111602,Petrol,86,1.0,0,1300,3,1015
7460,80.0,111392,CNG,110,0.0,0,1598,3,1083
9250,76.0,110901,Petrol,110,1.0,0,1600,5,1085
7250,80.0,110887,Petrol,110,1.0,0,1600,3,1055
6500,72.0,110634,Petrol,86,1.0,0,1300,3,1015
6800,80.0,110000,Petrol,110,1.0,0,1600,4,1035
8700,75.0,109540,Petrol,110,0.0,0,1600,5,1085
7500,55.67215568862275,109263,Petrol,110,0.0,0,1600,5,1070
7750,71.0,107516,Petrol,110,1.0,0,1600,3,1050
7950,73.0,107108,Petrol,110,1.0,0,1600,3,1050
9950,75.0,107000,Petrol,110,1.0,0,1600,3,1050
6640,74.0,106250,Petrol,110,0.0,0,1600,5,1070
8750,71.0,106150,Petrol,86,0.0,0,1300,3,1015
7750,72.0,106108,Petrol,110,1.0,0,1600,3,1050
5950,72.0,105856,Petrol,86,0.0,0,1300,3,1015
6750,77.0,105152,Petrol,86,0.0,0,1300,3,1015
6500,80.0,105135,Petrol,110,1.0,0,1600,3,1050
8750,76.0,104344,Petrol,110,1.0,0,1600,3,1050
7950,74.0,104150,Petrol,110,1.0,0,1600,3,1050
6750,74.0,104000,Petrol,86,1.0,0,1300,3,1010
7950,73.0,103121,Petrol,86,1.0,0,1300,5,1035
7950,80.0,102300,Petrol,86,1.0,0,1300,3,1015
7750,77.0,102000,Petrol,86,1.0,0,1300,3,1015
6450,75.0,101855,Petrol,110,1.0,0,1600,5,1070
6900,74.0,101773,Petrol,110,0.0,0,1600,3,1050
8450,75.0,101159,Petrol,110,1.0,0,1600,5,1085
6750,74.0,101000,Petrol,86,0.0,0,1300,3,1015
9500,79.0,100719,Petrol,110,0.0,0,1600,5,1070
7750,78.0,100487,Petrol,110,0.0,0,1600,4,1035
8500,80.0,100458,Petrol,110,0.0,0,1600,5,1085
7795,75.0,100192,Petrol,110,1.0,0,1600,3,1050
6490,80.0,100123,Petrol,110,1.0,0,1600,3,1050
7950,73.0,99971,Petrol,110,1.0,0,1600,3,1050
6425,79.0,99397,Petrol,86,0.0,0,1300,5,1035
8950,69.0,99374,Petrol,86,1.0,0,1300,5,1035
6950,72.0,99245,Petrol,110,1.0,0,1600,5,1114
8750,79.0,98742,Petrol,110,0.0,0,1600,5,1085
8450,71.0,98154,Petrol,110,1.0,0,1600,3,1050
7950,77.0,98000,Petrol,110,1.0,0,1600,5,1065
7950,80.0,97548,Petrol,86,0.0,0,1300,5,1035
8900,78.0,97534,Petrol,110,1.0,0,1600,5,1070
8950,73.0,97494,Petrol,110,1.0,0,1600,5,1085
8900,73.0,97085,Petrol,110,1.0,0,1600,5,1085
7950,69.0,97000,Petrol,110,0.0,0,1600,4,1035
6495,74.0,96302,Petrol,86,1.0,0,1300,3,1015
7250,78.0,96000,Petrol,86,1.0,0,1300,3,1015
9250,55.67215568862275,96000,Petrol,110,1.0,0,1600,5,1085
6650,78.0,95909,Petrol,110,1.0,0,1600,5,1070
6990,79.0,95700,Petrol,110,0.0,0,1600,5,1085
7750,78.0,95651,Petrol,110,1.0,0,1600,5,1070
6950,79.0,95000,Petrol,86,1.0,0,1300,5,1035
7250,80.0,94447,Petrol,110,0.0,0,1600,3,1050
9950,55.67215568862275,94079,Petrol,110,1.0,0,1600,5,1085
9250,55.67215568862275,93841,Petrol,110,0.0,0,1600,5,1070
7200,79.0,93090,Petrol,86,1.0,0,1300,5,1035
8250,72.0,93066,Petrol,110,1.0,0,1600,5,1075
8950,79.0,93039,Petrol,110,1.0,0,1600,3,1050
8250,77.0,93000,Petrol,110,1.0,0,1600,5,1075
6250,80.0,92830,Petrol,86,1.0,0,1300,3,1015
7300,80.0,92096,Petrol,86,1.0,0,1300,5,1035
8950,72.0,91921,Petrol,86,1.0,0,1300,3,1020
6500,70.0,91900,Petrol,86,1.0,0,1300,3,1015
7950,78.0,91399,Petrol,110,1.0,0,1600,5,1070
7450,75.0,91082,Petrol,110,1.0,0,1600,3,1050
7950,71.0,90370,Petrol,86,1.0,0,1300,5,1035
8500,78.0,90345,Petrol,86,1.0,0,1300,5,1035
6950,77.0,90305,Petrol,86,1.0,0,1300,3,1015
6750,77.0,90000,Petrol,86,1.0,0,1300,3,1015
8450,70.0,89983,Petrol,110,0.0,0,1600,3,1055
7500,78.0,89953,Petrol,110,0.0,0,1600,5,1114
8750,79.0,89739,Petrol,86,1.0,0,1300,5,1035
8950,76.0,89520,Petrol,110,1.0,0,1600,3,1050
7450,55.67215568862275,89507,Petrol,86,0.0,0,1300,3,1015
9200,69.0,89096,Petrol,110,1.0,0,1600,5,1085
8950,74.0,88700,Petrol,110,1.0,0,1600,3,1050
7850,72.0,88500,Petrol,110,1.0,0,1600,5,1075
7200,75.0,88000,Petrol,110,1.0,0,1600,3,1050
7450,78.0,87743,Petrol,110,0.0,0,1600,3,1055
6750,75.0,87613,Petrol,86,0.0,0,1300,3,1015
7500,73.0,87358,Petrol,110,1.0,0,1600,3,1050
7450,55.67215568862275,87083,Petrol,110,0.0,0,1600,4,1035
7950,70.0,87000,Petrol,110,1.0,0,1600,4,1035
7250,78.0,87000,Petrol,110,1.0,0,1600,4,1035
7950,55.67215568862275,87000,Petrol,86,1.0,0,1300,3,1015
8250,80.0,87000,Petrol,86,1.0,0,1300,3,1015
8250,72.0,86860,Petrol,110,0.0,0,1600,5,1075
6750,80.0,86109,Petrol,110,1.0,0,1600,3,1055
8750,79.0,86000,Petrol,86,1.0,0,1300,5,1040
8950,80.0,86000,Petrol,110,0.0,0,1600,3,1050
8250,80.0,85565,Petrol,110,0.0,0,1600,5,1070
7950,73.0,85200,Petrol,110,1.0,0,1600,3,1050
7900,70.0,85000,Petrol,110,1.0,0,1600,3,1055
8500,73.0,84988,Petrol,110,1.0,0,1600,3,1050
8250,79.0,84966,Petrol,110,0.0,0,1600,5,1070
8250,76.0,84472,Petrol,110,1.0,0,1600,5,1070
8950,73.0,84402,Petrol,110,1.0,0,1600,4,1035
7950,74.0,84123,Petrol,110,0.0,0,1600,3,1050
6950,55.67215568862275,84000,Petrol,110,0.0,0,1600,5,1075
7250,78.0,84000,Petrol,110,1.0,0,1600,5,1065
7750,77.0,84000,Petrol,110,1.0,0,1600,5,1085
8700,75.0,83850,Petrol,110,1.0,0,1600,3,1055
8950,55.67215568862275,83540,Petrol,110,1.0,0,1600,5,1070
6750,76.0,83405,Petrol,110,1.0,0,1600,5,1070
7500,71.0,83291,Petrol,110,1.0,0,1600,5,1070
7950,69.0,83133,Petrol,86,0.0,0,1300,3,1015
7950,71.0,82700,Petrol,110,0.0,0,1600,3,1050
7450,55.67215568862275,82675,Petrol,86,0.0,0,1300,3,1015
5950,78.0,82595,Petrol,86,1.0,0,1300,3,1015
7750,75.0,82256,Petrol,110,1.0,0,1600,3,1050
6950,77.0,82103,Petrol,86,1.0,0,1300,3,1015
8750,80.0,82021,Petrol,86,1.0,0,1300,5,1035
8950,71.0,82000,Petrol,110,1.0,0,1600,5,1075
7495,79.0,81988,Petrol,110,1.0,0,1600,5,1070
7750,76.0,81930,Petrol,110,1.0,0,1600,5,1070
6950,70.0,81663,Petrol,110,0.0,0,1600,3,1050
7990,77.0,80486,Petrol,110,1.0,0,1600,5,1070
7250,78.0,80000,Petrol,110,1.0,0,1600,4,1065
6900,69.0,79000,Petrol,86,0.0,0,1300,3,1015
7750,74.0,78894,Petrol,110,0.0,0,1600,5,1070
7250,55.67215568862275,78689,Petrol,110,0.0,0,1600,4,1035
8950,77.0,78435,Petrol,86,0.0,0,1300,3,1015
8500,71.0,78260,Petrol,110,0.0,0,1600,3,1050
7950,72.0,78120,Petrol,110,1.0,0,1600,5,1075
6950,77.0,77000,Petrol,86,1.0,0,1300,3,1015
8000,55.67215568862275,77000,Petrol,110,0.0,0,1600,3,1050
7950,75.0,76382,Petrol,110,1.0,0,1600,3,1055
8500,76.0,76268,Petrol,86,1.0,0,1300,3,1015
7490,73.0,76151,Petrol,86,1.0,0,1300,3,1015
8250,80.0,76000,Petrol,110,1.0,0,1600,3,1050
9250,71.0,76000,Petrol,110,1.0,0,1600,5,1070
7950,72.0,75840,Petrol,86,0.0,0,1300,5,1035
9500,77.0,75799,Petrol,110,1.0,0,1600,3,1050
8950,72.0,75525,Petrol,110,1.0,0,1600,3,1114
8450,78.0,75323,Petrol,86,1.0,0,1300,5,1050
7995,79.0,75322,Petrol,110,1.0,0,1600,4,1115
8750,78.0,75226,Petrol,110,0.0,0,1600,4,1035
5950,71.0,75085,Petrol,86,0.0,0,1300,5,1035
8500,73.0,75000,Petrol,110,0.0,0,1600,5,1075
8950,69.0,75000,Petrol,86,1.0,0,1300,4,1000
8750,69.0,75000,Petrol,86,1.0,0,1300,4,1000
7600,78.0,74926,Petrol,110,1.0,0,1600,5,1075
7145,80.0,74785,Petrol,110,1.0,0,1600,5,1070
8450,69.0,74573,Petrol,110,1.0,0,1600,5,1085
5950,55.67215568862275,74567,Petrol,86,1.0,0,1300,3,1015
9000,80.0,74196,Petrol,110,1.0,0,1600,5,1075
7250,80.0,74151,Petrol,110,1.0,0,1600,3,1050
7400,75.0,74096,Petrol,110,1.0,0,1600,3,1050
8800,79.0,74093,Petrol,110,1.0,0,1600,5,1075
7750,71.0,74000,Petrol,110,0.0,0,1600,3,1050
7500,75.0,74000,Petrol,86,1.0,0,1300,3,1015
7400,55.67215568862275,73460,Petrol,110,1.0,0,1600,5,1070
7500,80.0,73200,Petrol,110,1.0,0,1600,5,1070
8950,76.0,73116,Petrol,110,1.0,0,1600,5,1075
8950,55.67215568862275,73014,Petrol,110,1.0,0,1600,5,1075
7950,77.0,72703,Petrol,110,1.0,0,1600,3,1050
7950,79.0,72328,Petrol,110,1.0,0,1600,5,1075
7950,78.0,72222,Petrol,110,1.0,0,1600,5,1070
7750,78.0,72090,Petrol,110,1.0,0,1600,5,1070
8250,78.0,72000,Petrol,110,1.0,0,1600,4,1035
7950,78.0,72000,Petrol,110,0.0,0,1600,3,1055
7750,77.0,71900,Petrol,86,1.0,0,1300,3,1015
8500,77.0,71825,Petrol,110,0.0,0,1600,5,1075
6950,80.0,71740,Petrol,110,1.0,0,1600,5,1070
7500,80.0,71500,Petrol,110,1.0,0,1600,4,1035
7750,79.0,71359,Petrol,110,1.0,0,1600,3,1050
5950,79.0,71263,Petrol,86,1.0,0,1300,3,1015
7500,78.0,71186,Petrol,110,0.0,0,1600,3,1050
7950,76.0,71000,Petrol,110,1.0,0,1600,3,1050
7450,77.0,70932,Petrol,110,1.0,0,1600,3,1050
7500,73.0,70482,Petrol,110,1.0,0,1600,5,1075
8750,77.0,70124,Petrol,110,1.0,0,1600,3,1050
7500,76.0,70039,Petrol,110,1.0,0,1600,3,1050
9950,80.0,69904,Petrol,110,0.0,0,1600,5,1070
7950,75.0,69388,Petrol,86,0.0,0,1300,3,1010
9950,75.0,69320,Petrol,110,1.0,0,1600,5,1070
9250,78.0,69000,Petrol,110,1.0,0,1600,5,1075
9250,73.0,68988,Petrol,86,1.0,0,1300,5,1035
9950,55.67215568862275,68945,Petrol,110,1.0,0,1600,5,1085
5950,74.0,68285,Petrol,110,1.0,0,1600,3,1050
7995,55.67215568862275,68000,Petrol,110,1.0,0,1600,5,1075
7450,75.0,67451,Petrol,86,1.0,0,1300,4,1000
8250,55.67215568862275,67266,Petrol,86,1.0,0,1300,5,1035
8500,78.0,67255,Petrol,110,0.0,0,1600,5,1085
8500,70.0,67100,Petrol,110,1.0,0,1600,5,1075
7250,80.0,66880,Petrol,110,1.0,0,1600,3,1055
8950,79.0,66855,Petrol,110,1.0,0,1600,5,1075
9450,80.0,66843,Petrol,110,1.0,0,1600,5,1075
8500,74.0,66718,Petrol,110,1.0,0,1600,3,1050
6750,80.0,66168,Petrol,86,1.0,0,1300,3,1015
7400,80.0,65950,Petrol,110,0.0,0,1600,5,1070
8950,78.0,65500,Petrol,86,1.0,0,1300,3,1015
6900,80.0,65307,Petrol,110,1.0,0,1600,3,1055
7750,79.0,65254,Petrol,86,1.0,0,1300,3,1015
6950,75.0,65006,Petrol,86,1.0,0,1300,3,1015
8495,77.0,64280,Petrol,110,0.0,0,1600,4,1035
6999,71.0,64000,Petrol,110,1.0,0,1600,5,1070
8950,80.0,64000,Petrol,110,0.0,0,1600,3,1055
8500,79.0,63918,Petrol,110,1.0,0,1600,4,1035
8750,75.0,63634,Petrol,110,1.0,0,1600,4,1035
7499,80.0,63500,Petrol,110,1.0,0,1600,3,1050
9000,55.67215568862275,63266,Petrol,110,1.0,0,1600,4,1035
8950,77.0,62595,Petrol,110,1.0,0,1600,3,1050
6950,80.0,62581,Petrol,110,0.0,0,1600,5,1075
8500,77.0,62285,Petrol,110,1.0,0,1600,5,1075
8950,74.0,61700,Petrol,110,0.0,0,1600,5,1070
8250,77.0,61648,Petrol,110,1.0,0,1600,5,1070
7950,75.0,61626,Petrol,86,0.0,0,1300,5,1035
7450,70.0,61510,Petrol,110,0.0,0,1600,4,1035
7150,70.0,61000,Petrol,110,1.0,0,1600,4,1035
7750,76.0,60833,Petrol,110,1.0,0,1600,4,1035
5845,70.0,60600,Petrol,86,0.0,0,1300,3,1060
8500,72.0,60483,Petrol,110,1.0,0,1600,5,1075
8250,80.0,60476,Petrol,110,1.0,0,1600,5,1114
9450,79.0,60142,Petrol,110,0.0,0,1600,3,1050
6750,69.0,60050,Petrol,110,1.0,0,1600,3,1050
8400,77.0,60000,Petrol,110,1.0,0,1600,3,1050
7900,76.0,60000,Petrol,110,0.0,0,1600,3,1050
7950,76.0,59815,Petrol,110,1.0,0,1587,3,1055
8750,80.0,59326,Petrol,110,1.0,0,1600,5,1085
9900,73.0,59240,Petrol,110,1.0,0,1600,3,1050
6495,71.0,59164,Petrol,110,0.0,0,1600,4,1035
6900,69.0,58952,Petrol,110,1.0,0,1600,3,1050
7500,74.0,58454,Petrol,86,1.0,0,1300,3,1015
8250,80.0,58267,Petrol,110,1.0,0,1600,5,1070
8950,80.0,58000,Petrol,110,0.0,0,1600,3,1055
9750,70.0,57829,Petrol,110,0.0,0,1600,3,1050
8250,80.0,57787,Petrol,86,0.0,0,1300,3,1015
8900,78.0,57628,Petrol,110,0.0,0,1600,5,1075
8950,75.0,57537,Petrol,86,1.0,0,1300,5,1050
6750,76.0,57263,Petrol,110,1.0,0,1600,3,1050
7950,75.0,57144,Petrol,110,1.0,0,1600,5,1070
8600,69.0,57096,Petrol,86,1.0,0,1300,3,1025
7750,55.67215568862275,57000,Petrol,86,0.0,0,1300,4,1000
7800,55.67215568862275,56566,Petrol,110,1.0,0,1600,3,1050
8750,73.0,56307,Petrol,110,1.0,0,1600,3,1050
9500,79.0,56214,Petrol,86,0.0,0,1300,3,1015
7750,55.67215568862275,56132,Petrol,110,0.0,0,1600,4,1035
9950,79.0,55425,Petrol,110,0.0,0,1600,5,1075
7750,77.0,54439,Petrol,86,1.0,0,1300,3,1015
5950,69.0,53809,Petrol,110,1.0,0,1600,3,1050
10950,76.0,53133,Petrol,110,1.0,0,1600,5,1070
9450,77.0,52900,Petrol,110,1.0,0,1600,4,1075
8250,80.0,52700,Petrol,110,0.0,0,1600,3,1050
9750,69.0,52320,Petrol,110,0.0,0,1600,5,1070
7450,78.0,52287,Petrol,110,0.0,0,1600,5,1114
8750,75.0,52000,Petrol,110,1.0,0,1600,5,1075
8750,69.0,52000,Petrol,110,1.0,0,1600,3,1050
8950,70.0,51874,Petrol,86,0.0,0,1300,4,1000
7500,79.0,49827,Petrol,86,1.0,0,1300,5,1035
7250,69.0,49640,Petrol,110,1.0,0,1600,4,1035
7450,80.0,49580,Petrol,110,1.0,0,1600,4,1035
8750,76.0,49170,Petrol,86,1.0,0,1300,3,1045
9800,77.0,48838,Petrol,110,0.0,0,1600,3,1055
7500,71.0,48576,Petrol,86,1.0,0,1300,3,1015
8950,75.0,48400,Petrol,110,1.0,0,1600,5,1075
8950,74.0,48242,Petrol,86,1.0,0,1300,5,1035
7450,70.0,47955,Petrol,110,1.0,0,1600,5,1070
8950,71.0,47633,Petrol,110,1.0,0,1600,5,1075
10500,55.67215568862275,47400,Petrol,86,1.0,0,1300,5,1040
7000,73.0,47360,Petrol,86,0.0,0,1300,3,1010
8500,77.0,45507,Petrol,110,1.0,0,1600,3,1050
7750,76.0,45410,Petrol,86,1.0,0,1300,5,1035
8950,70.0,44850,Petrol,110,1.0,0,1600,3,1050
8250,69.0,44826,Petrol,110,0.0,0,1600,5,1075
9250,55.67215568862275,44444,Petrol,110,1.0,0,1600,3,1050
7900,75.0,43720,Petrol,110,1.0,0,1600,5,1070
8500,78.0,43622,Petrol,86,1.0,0,1300,4,1000
7950,76.0,43532,Petrol,110,0.0,0,1600,5,1070
9950,69.0,42800,Petrol,110,1.0,0,1600,3,1050
7500,80.0,42186,Petrol,110,1.0,0,1600,3,1050
6950,72.0,42000,Petrol,110,1.0,0,1600,3,1050
8950,55.67215568862275,40093,Petrol,110,0.0,0,1600,5,1114
7750,73.0,39168,Petrol,86,1.0,0,1300,3,1015
8450,75.0,38945,Petrol,110,1.0,0,1600,3,1050
7600,55.67215568862275,36000,Petrol,110,1.0,0,1600,3,1050
7750,73.0,34717,Petrol,86,0.0,0,1300,3,1015
7950,80.0,1,Petrol,86,1.0,0,1300,4,1000
8450,72.0,1,Petrol,86,1.0,0,1300,3,1015
8450,80.0,23000,Petrol,86,0.0,0,1300,3,1015
7500,55.67215568862275,20544,Petrol,86,1.0,0,1300,3,1025
10845,72.0,1,Petrol,86,0.0,0,1300,3,1015
8500,55.67215568862275,17016,Petrol,86,0.0,0,1300,3,1015
7250,70.0,1,Petrol,86,1.0,0,1300,3,1015
6950,76.0,1,Petrol,110,0.0,0,1600,5,1114
